Date,FRRPtransect,Site,Zone,SampleNum,Species,Diam_cm,Height_cm,Perc_Old_Mort,Perc_rec_mort,N_Tissue_isolates,Disease,Bleach,Status,Attached,Frag,tod,dead,InTransect
23-Oct-17,Y,LK_Buoy10,Offshore,1,Oann,100,55,85,0,10,Healthy,Normal,All,Dislodged,Y,12,0,Y
23-Oct-17,Y,LK_Buoy10,Offshore,2,Oann,25,12,80,0,1,Healthy,Normal,All,Dislodged,Y,12,0,Y
23-Oct-17,Y,LK_Buoy10,Offshore,3,Oann,33,25,70,0,1,Healthy,Normal,All,Dislodged,Y,6,1,Y
23-Oct-17,Y,LK_Buoy10,Offshore,4,Mcav,32,20,30,0,1,Healthy,Normal,Broken,Attached,N,12,0,Y
23-Oct-17,Y,LK_Buoy10,Offshore,5,Oann/Ofav,42,19,80,0,1,Healthy,Normal,All,Dislodged,Y,12,0,Y
23-Oct-17,Y,LK_Buoy10,Offshore,6,Oann,22,17,75,0,1,Healthy,Normal,All,Dislodged,Y,12,0,Y
23-Oct-17,Y,LK_Buoy10,Offshore,7,Oann,18,7,85,0,1,Healthy,Normal,Broken,Attached,Y,6,1,Y
23-Oct-17,Y,LK_Buoy10,Offshore,8,Oann,17,9,90,0,1,Healthy,Normal,All,Dislodged,Y,6,1,Y
23-Oct-17,Y,LK_Buoy10,Offshore,9,Oann,32,20,50,0,1,Healthy,Normal,All,Dislodged,Y,12,0,Y
23-Oct-17,Y,LK_Buoy10,Offshore,10,Srad/Ssid,8,3,0,0,1,Healthy,Normal,None,Attached,N,12,0,Y
23-Oct-17,Y,LK_Buoy10,Offshore,11,Ppor,5,3,0,0,1,Healthy,Normal,None,Attached,N,12,0,Y
23-Oct-17,Y,LK_Buoy10,Offshore,12,Ssid,10,4,0,0,1,Healthy,Normal,None,Attached,N,12,0,Y
23-Oct-17,Y,LK_Buoy10,Offshore,13,Dlab,55,22,30,0,1,Healthy,Normal,All,Dislodged,N,12,0,Y
23-Oct-17,Y,LK_Buoy10,Offshore,14,Oann,41,23,80,0,4,Healthy,Normal,All,Dislodged,Y,12,0,Y
23-Oct-17,Y,LK_Buoy10,Offshore,15,Ssid,3,2,0,0,1,Healthy,Normal,None,Attached,N,12,0,Y
23-Oct-17,Y,LK_Buoy10,Offshore,16,Ssid,3,2,0,0,1,Healthy,Normal,None,Attached,N,12,0,Y
23-Oct-17,Y,LK_Buoy10,Offshore,17,Ssid,16,7,0,0,1,Healthy,Normal,None,Attached,N,12,0,Y
23-Oct-17,Y,LK_Buoy10,Offshore,18,Uaga,28,5,10,0,1,Healthy,Normal,None,Attached,N,12,0,Y
23-Oct-17,Y,LK_Buoy10,Offshore,19,Oann,23,16,10,0,1,Healthy,Normal,All,Dislodged,Y,12,0,Y
23-Oct-17,Y,LK_Buoy10,Offshore,20,Mcav,20,10,70,0,2,Healthy,Normal,None,Attached,N,12,0,Y
23-Oct-17,Y,LK_Buoy10,Offshore,21,Mcav,55,45,10,0,1,Healthy,Normal,None,Attached,N,12,0,Y
23-Oct-17,Y,LK_Buoy10,Offshore,22,Past,21,13,10,0,1,Healthy,Normal,None,Attached,N,12,0,Y
23-Oct-17,Y,LK_Buoy10,Offshore,23,Mcav,25,16,5,0,1,Healthy,Pale,None,Attached,N,12,0,Y
23-Oct-17,Y,LK_Buoy10,Offshore,24,Sint,11,3,10,0,1,Healthy,Normal,None,Attached,N,12,0,Y
23-Oct-17,Y,LK_Buoy10,Offshore,25,Ssid,8,4,0,0,1,Healthy,Normal,None,Attached,N,12,0,Y
23-Oct-17,Y,LK_Buoy10,Offshore,26,Ssid,25,5,50,0,1,Healthy,Normal,None,Attached,N,12,0,Y
23-Oct-17,Y,LK_Buoy10,Offshore,27,Past,12,7,0,0,1,Healthy,Normal,None,Attached,N,NA,NA,Y
23-Oct-17,Y,LK_Buoy10,Offshore,28,Past,6,3,0,0,1,Healthy,Normal,None,Attached,N,NA,NA,Y
23-Oct-17,Y,LK_Buoy10,Offshore,29,Past,4,2,0,0,1,Healthy,Normal,None,Attached,N,NA,NA,Y
23-Oct-17,Y,LK_Buoy10,Offshore,30,Mcav,3,3,0,0,1,Healthy,Normal,None,Attached,N,NA,NA,Y
23-Oct-17,Y,LK_Buoy10,Offshore,31,Sint,7,3,0,0,1,Healthy,Normal,Dislodged,Dislodged,N,NA,NA,Y
23-Oct-17,Y,LK_Buoy10,Offshore,32,Ssid,7,3,10,0,1,Healthy,Normal,None,Attached,N,NA,NA,Y
23-Oct-17,Y,LK_Buoy10,Offshore,33,Ssid,3,2,0,0,1,Healthy,Normal,None,Attached,N,NA,NA,Y
23-Oct-17,Y,LK_Buoy10,Offshore,34,Ssid,6,2,0,0,1,Healthy,Normal,None,Attached,N,NA,NA,Y
23-Oct-17,Y,LK_Buoy10,Offshore,35,Ssid,3,2,0,0,1,Healthy,Normal,None,Attached,N,NA,NA,Y
23-Oct-17,Y,LK_Buoy10,Offshore,36,Ppor,5,3,0,0,1,Healthy,Normal,None,Attached,N,NA,NA,Y
23-Oct-17,Y,LK_Buoy10,Offshore,37,Uaga,3,1,0,0,1,Healthy,Normal,Broken,Attached,Y,6,1,Y
23-Oct-17,Y,LK_Buoy10,Offshore,38,Ssid,4,1,0,0,1,Healthy,Normal,None,Attached,N,NA,NA,Y
23-Oct-17,Y,LK_Buoy10,Offshore,39,Ssid,3,1,0,0,1,Healthy,Normal,None,Attached,N,NA,NA,Y
23-Oct-17,Y,LK_Buoy10,Offshore,40,Mcav,2,1,0,0,1,Healthy,Normal,None,Attached,N,NA,NA,Y
23-Oct-17,Y,LK_Buoy10,Offshore,41,Ssid,3,1,0,0,1,Healthy,Normal,None,Attached,N,NA,NA,Y
23-Oct-17,Y,LK_Buoy10,Offshore,42,Ssid,3,1,0,0,1,Healthy,Normal,None,Attached,N,NA,NA,Y
23-Oct-17,Y,LK_Buoy10,Offshore,43,Ssid,3,1,0,0,1,Healthy,Normal,None,Attached,N,NA,NA,Y
23-Oct-17,Y,LK_Buoy10,Offshore,45,Ssid,5,1,0,0,1,Healthy,Normal,None,Attached,N,NA,NA,Y
23-Oct-17,Y,LK_Buoy10,Offshore,46,Ssid,9,3,50,0,3,Healthy,Normal,None,Attached,N,NA,NA,Y
23-Oct-17,Y,LK_Buoy10,Offshore,47,Ssid,7,2,0,0,1,Healthy,Normal,None,Attached,N,NA,NA,Y
23-Oct-17,Y,LK_Buoy10,Offshore,48,Ofav,120,155,30,0,1,Healthy,Normal,None,Attached,N,NA,NA,Y
23-Oct-17,Y,LK_Buoy10,Offshore,49,Oann,100,75,75,0,15,Healthy,Normal,None,Attached,N,NA,NA,Y
23-Oct-17,Y,LK_Buoy10,Offshore,50,Oann,30,17,90,0,1,Healthy,Normal,DB,Dislodged,Y,12,0,Y
23-Oct-17,Y,LK_Buoy10,Offshore,51,Oann,35,10,95,0,1,Healthy,Normal,DB,Dislodged,Y,12,0,Y
23-Oct-17,Y,LK_Buoy10,Offshore,52,Oann,35,20,50,0,1,Healthy,Normal,DB,Dislodged,Y,12,0,Y
23-Oct-17,Y,LK_Buoy10,Offshore,53,Oann,9,4,20,0,1,Healthy,Normal,DB,Dislodged,Y,12,0,Y
23-Oct-17,Y,LK_Buoy10,Offshore,54,Oann,28,17,50,0,1,Healthy,Normal,DB,Dislodged,Y,12,0,Y
23-Oct-17,Y,LK_Buoy10,Offshore,55,Oann,38,17,80,0,1,Healthy,Normal,DB,Dislodged,Y,12,0,Y
23-Oct-17,Y,LK_Buoy10,Offshore,56,Past,7,3,0,0,1,Healthy,Normal,None,Attached,N,NA,NA,Y
23-Oct-17,Y,LK_Buoy10,Offshore,57,Cnat,55,30,0,0,1,Healthy,Normal,None,Attached,N,12,0,Y
23-Oct-17,Y,LK_Buoy10,Offshore,58,Past,11,3,10,0,1,Healthy,Normal,None,Attached,N,NA,NA,Y
23-Oct-17,Y,LK_Buoy10,Offshore,59,Myce,12,5,60,0,1,Healthy,Normal,None,Attached,N,6,1,Y
23-Oct-17,Y,LK_Buoy10,Offshore,60,Oann,65,40,80,0,3,Healthy,Normal,DB,Dislodged,Y,12,0,Y
23-Oct-17,Y,LK_Buoy10,Offshore,61,Oann,12,10,10,0,1,Healthy,Normal,DB,Dislodged,Y,12,0,Y
23-Oct-17,Y,LK_Buoy10,Offshore,62,Oann,10,8,20,0,1,Healthy,Normal,DB,Dislodged,Y,12,0,Y
23-Oct-17,Y,LK_Buoy10,Offshore,63,Ofav,250,175,25,0,4,Healthy,Normal,B,Attached,N,12,0,Y
23-Oct-17,Y,LK_Buoy10,Offshore,64,Past,12,8,5,0,1,Healthy,Normal,None,Attached,N,NA,NA,Y
23-Oct-17,Y,LK_Buoy10,Offshore,65,Oann,20,15,20,0,1,Healthy,Normal,DB,Dislodged,Y,12,0,Y
23-Oct-17,Y,LK_Buoy10,Offshore,66,Oann,15,15,10,0,1,Healthy,Normal,DB,Dislodged,Y,12,0,Y
23-Oct-17,Y,LK_Buoy10,Offshore,67,Ofav,25,10,0,0,1,Healthy,Normal,DB,Dislodged,Y,12,0,Y
23-Oct-17,Y,LK_Buoy10,Offshore,68,Oann,31,25,50,0,1,Healthy,Normal,None,Attached,N,12,0,Y
23-Oct-17,Y,LK_Buoy10,Offshore,69,Oann,55,40,65,0,1,Healthy,Normal,DB,Dislodged,Y,12,0,Y
23-Oct-17,Y,LK_Buoy10,Offshore,70,Past,11,4,0,0,1,Healthy,Normal,None,Attached,N,12,0,Y
23-Oct-17,Y,LK_Buoy10,Offshore,71,Oann,33,45,80,0,1,Healthy,Normal,None,Attached,N,6,1,Y
23-Oct-17,Y,LK_Buoy10,Offshore,72,Ofav,120,100,20,0,1,Healthy,Normal,None,Attached,N,12,0,Y
23-Oct-17,Y,LK_Buoy10,Offshore,NA,Ssid,3,1,0,0,1,Healthy,Normal,None,Attached,N,NA,NA,Y
23-Oct-17,Y,LK_Buoy10,Offshore,NA,Ssid,3,1,0,0,1,Healthy,Normal,None,Attached,N,NA,NA,Y
23-Oct-17,Y,LK_Buoy10,Offshore,NA,Ssid,3,1,0,0,1,Healthy,Normal,None,Attached,N,NA,NA,Y
23-Oct-17,Y,LK_Buoy10,Offshore,73,Past,17,9,10,0,1,Healthy,Normal,None,Attached,N,NA,NA,Y
23-Oct-17,Y,LK_Buoy10,Offshore,74,Oann,31,28,80,0,1,Healthy,Normal,DB,Dislodged,Y,12,0,Y
23-Oct-17,Y,LK_Buoy10,Offshore,75,Mcav,12,5,0,0,1,Healthy,Normal,None,Attached,N,12,0,Y
23-Oct-17,Y,LK_Buoy10,Offshore,76,Ssid,13,6,0,0,1,Healthy,Normal,None,Attached,N,12,0,Y
23-Oct-17,Y,LK_Buoy10,Offshore,77,Ssid,5,3,0,0,1,Healthy,Normal,None,Attached,N,12,0,Y
23-Oct-17,Y,LK_Buoy10,Offshore,78,Ssid,11,2,0,0,1,Healthy,Normal,None,Attached,N,12,0,Y
23-Oct-17,Y,LK_Buoy10,Offshore,79,Mcav,33,30,10,0,1,Healthy,Pale,None,Attached,N,12,0,Y
23-Oct-17,Y,LK_Buoy10,Offshore,80,Ofav,80,80,70,0,10,Healthy,Normal,None,Attached,N,12,0,Y
23-Oct-17,Y,LK_Buoy10,Offshore,81,Oann,100,45,70,0,10,Healthy,Normal,None,Attached,N,12,0,Y
23-Oct-17,Y,LK_Buoy10,Offshore,82,Oann,25,10,20,0,1,Healthy,Normal,DB,Dislodged,Y,12,0,Y
23-Oct-17,Y,LK_Buoy10,Offshore,83,Past,12,5,0,0,1,Healthy,Pale,None,Attached,N,12,0,Y
23-Oct-17,Y,LK_Buoy10,Offshore,84,Ssid,12,5,5,0,1,Healthy,Normal,Abrasion,Attached,N,12,0,Y
23-Oct-17,Y,LK_Buoy10,Offshore,85,Ofav,200,110,20,0,5,Healthy,Normal,Abrasion,Attached,N,12,0,Y
23-Oct-17,Y,LK_Buoy10,Offshore,86,Pstr,42,30,10,0,1,Healthy,Normal,Abrasion,Attached,N,12,0,Y
23-Oct-17,Y,LK_Buoy10,Offshore,87,Ssid,6,1,0,0,1,Healthy,Pale,None,Attached,N,12,0,Y
23-Oct-17,Y,LK_Buoy10,Offshore,88,Ssid,12,1,0,0,1,Healthy,Normal,None,Attached,N,12,0,Y
23-Oct-17,Y,LK_Buoy10,Offshore,89,Ssid,9,3,0,0,1,Healthy,Pale,None,Attached,N,12,0,Y
23-Oct-17,Y,LK_Buoy10,Offshore,90,Past,12,7,10,0,1,Healthy,Normal,None,Attached,N,12,0,Y
23-Oct-17,Y,LK_Buoy10,Offshore,91,Pstr,23,2,10,0,1,Healthy,Normal,Broken,Attached,Y,12,0,Y
23-Oct-17,Y,LK_Buoy10,Offshore,92,Uaga,12,7,10,0,2,Healthy,Normal,None,Attached,N,12,0,Y
23-Oct-17,Y,LK_Buoy10,Offshore,93,Past,15,10,30,0,2,Healthy,Normal,None,Attached,N,12,0,Y
23-Oct-17,Y,LK_Buoy10,Offshore,94,Past,33,30,40,0,4,Healthy,Normal,None,Attached,N,12,0,Y
23-Oct-17,Y,LK_Buoy10,Offshore,95,Ssid,8,1,0,0,1,Healthy,Normal,None,Attached,N,12,0,Y
23-Oct-17,Y,LK_Buoy10,Offshore,96,Ssid,5,1,0,0,1,Healthy,Normal,None,Attached,N,12,0,Y
23-Oct-17,Y,LK_Buoy10,Offshore,97,Ssid,5,1,0,0,1,Healthy,Normal,None,Attached,N,12,0,Y
23-Oct-17,Y,LK_Buoy10,Offshore,98,Dlab,19,9,0,0,1,Healthy,Normal,None,Attached,N,12,0,Y
23-Oct-17,Y,LK_Buoy10,Offshore,99,Ssid,11,2,0,0,1,Healthy,Pale,None,Attached,N,12,0,Y
23-Oct-17,Y,LK_Buoy10,Offshore,100,Past,3,2,0,0,1,Healthy,Normal,None,Attached,N,12,0,Y
23-Oct-17,Y,LK_Buoy10,Offshore,101,Uaga,3,2,0,0,1,Healthy,Normal,None,Attached,N,12,0,Y
23-Oct-17,Y,LK_Buoy10,Offshore,102,Uaga,12,5,0,0,1,Healthy,Pale,None,Attached,N,12,0,Y
23-Oct-17,Y,LK_Buoy10,Offshore,103,Ofav,45,30,50,0,5,Healthy,Normal,Abrasion,Attached,N,12,0,Y
23-Oct-17,Y,LK_Buoy10,Offshore,104,Ofav,200,130,20,0,3,Healthy,Normal,Abrasion,Attached,N,12,0,Y
23-Oct-17,Y,LK_Buoy10,Offshore,105,Past,20,17,50,0,1,Healthy,Normal,None,Attached,N,12,0,Y
23-Oct-17,Y,LK_Buoy10,Offshore,106,Mcav,24,20,10,0,1,Healthy,Normal,None,Attached,N,12,0,Y
23-Oct-17,Y,LK_Buoy10,Offshore,107,Ssid,11,3,10,0,1,Healthy,Normal,None,Attached,N,12,0,Y
23-Oct-17,Y,LK_Buoy10,Offshore,108,Oann,200,100,75,0,10,Healthy,Normal,None,Attached,N,12,0,Y
24-Oct-17,N,LK_Buoy10,Offshore,109,Oann,20,8,80,0,1,Healthy,Normal,All,Dislodged,Y,12,0,N
24-Oct-17,N,LK_Buoy10,Offshore,110,Oann,20,6,10,0,1,Healthy,Normal,All,Dislodged,Y,12,0,N
24-Oct-17,N,LK_Buoy10,Offshore,111,Oann,25,5,90,0,3,Healthy,Normal,All,Dislodged,Y,12,0,N
24-Oct-17,N,LK_Buoy10,Offshore,112,Oann,16,5,65,0,1,Healthy,Normal,All,Dislodged,Y,12,0,N
24-Oct-17,N,LK_Buoy10,Offshore,113,Oann/Ofav,18,15,55,0,1,Healthy,Normal,All,Dislodged,Y,12,0,N
24-Oct-17,N,LK_Buoy10,Offshore,114,Oann,13,10,85,0,1,Healthy,Normal,All,Dislodged,Y,12,0,N
24-Oct-17,N,LK_Buoy10,Offshore,115,Oann,25,22,85,0,1,Healthy,Normal,All,Dislodged,Y,12,0,N
24-Oct-17,N,LK_Buoy10,Offshore,116,Oann,19,11,97,0,2,Healthy,Normal,All,Dislodged,Y,12,0,N
24-Oct-17,N,LK_Buoy10,Offshore,117,Oann/Ofav,25,20,70,0,1,Healthy,Normal,All,Dislodged,Y,12,0,N
24-Oct-17,N,LK_Buoy10,Offshore,118,Oann/Ofav,15,12,50,0,1,Healthy,Normal,All,Dislodged,Y,12,0,N
24-Oct-17,N,LK_Buoy10,Offshore,119,Oann/Ofav,22,12,35,0,1,Healthy,Normal,All,Dislodged,Y,12,0,N
24-Oct-17,N,LK_Buoy10,Offshore,120,Oann/Ofav,30,21,70,0,6,Healthy,Normal,All,Dislodged,Y,12,0,N
24-Oct-17,N,LK_Buoy10,Offshore,121,Oann/Ofav,18,8,20,0,1,Healthy,Normal,All,Dislodged,Y,12,0,N
24-Oct-17,N,LK_Buoy10,Offshore,122,Oann/Ofav,25,13,20,0,1,Healthy,Normal,All,Dislodged,Y,6,1,N
24-Oct-17,N,LK_Buoy10,Offshore,123,Oann,50,45,98,0,1,Healthy,Normal,All,Dislodged,Y,6,1,N
24-Oct-17,N,LK_Buoy10,Offshore,124,Oann,15,10,80,0,1,Healthy,Normal,All,Dislodged,Y,12,0,N
24-Oct-17,Y,LK_Buoy6,Offshore,NA,Ssid,10,4,0,0,1,Healthy,Normal,None,Attached,N,NA,NA,Y
24-Oct-17,Y,LK_Buoy6,Offshore,NA,Ssid,2,1,0,0,1,Healthy,Normal,None,Attached,N,NA,NA,Y
24-Oct-17,Y,LK_Buoy6,Offshore,NA,Ssid,8,1,0,0,1,Healthy,Normal,None,Attached,N,NA,NA,Y
24-Oct-17,N,LK_Buoy6,Offshore,126,Oann,28,12,35,0,1,Healthy,Normal,All,Dislodged,Y,12,0,N
24-Oct-17,Y,LK_Buoy6,Offshore,127,Mcav,38,35,35,0,1,Healthy,Normal,All,Dislodged,Y,12,0,Y
24-Oct-17,Y,LK_Buoy6,Offshore,NA,Ssid,3,1,0,0,1,Healthy,Normal,None,Attached,N,NA,NA,Y
24-Oct-17,Y,LK_Buoy6,Offshore,128,Ofav,130,100,30,0,1,Healthy,Normal,All,Dislodged,Y,12,0,Y
24-Oct-17,Y,LK_Buoy6,Offshore,NA,Ssid,6,1,0,0,1,Healthy,Normal,None,Attached,N,NA,NA,Y
24-Oct-17,Y,LK_Buoy6,Offshore,NA,Ssid,4,2,0,0,1,Healthy,Normal,None,Attached,N,NA,NA,Y
24-Oct-17,Y,LK_Buoy6,Offshore,129,Mcav,45,40,50,0,1,Healthy,Pale,All,Dislodged,N,12,0,Y
24-Oct-17,Y,LK_Buoy6,Offshore,130,Oann,25,40,90,0,1,Healthy,Normal,All,Dislodged,Y,12,0,Y
24-Oct-17,Y,LK_Buoy6,Offshore,131,Oann,12,30,50,0,1,Healthy,Normal,All,Dislodged,Y,12,0,Y
24-Oct-17,Y,LK_Buoy6,Offshore,NA,Ssid,12,3,0,0,1,Healthy,Normal,None,Attached,N,NA,NA,Y
24-Oct-17,Y,LK_Buoy6,Offshore,NA,Ssid,12,4,0,0,1,Healthy,Normal,None,Attached,N,NA,NA,Y
24-Oct-17,Y,LK_Buoy6,Offshore,133,Sbou,8,5,0,0,1,Healthy,Normal,None,Attached,N,12,0,Y
24-Oct-17,Y,LK_Buoy6,Offshore,132,Mcav,50,20,20,0,1,Healthy,Normal,None,Attached,N,12,0,Y
24-Oct-17,Y,LK_Buoy6,Offshore,134,Mcav,80,75,50,0,6,Healthy,Normal,None,Attached,N,12,0,Y
24-Oct-17,Y,LK_Buoy6,Offshore,135,Sbou,4,2,0,0,1,Healthy,Normal,Abrasion,Attached,N,12,0,Y
24-Oct-17,Y,LK_Buoy6,Offshore,136,Sint,6,1,0,0,1,Healthy,Pale,Abrasion,Attached,N,12,0,Y
24-Oct-17,Y,LK_Buoy6,Offshore,137,Sint,8,1,0,0,1,Healthy,Pale,None,Attached,N,12,0,Y
24-Oct-17,Y,LK_Buoy6,Offshore,NA,Ssid,3,1,0,0,1,Healthy,Normal,None,Attached,N,NA,NA,Y
24-Oct-17,Y,LK_Buoy6,Offshore,NA,Ssid,3,1,0,0,1,Healthy,Normal,None,Attached,N,NA,NA,Y
24-Oct-17,Y,LK_Buoy6,Offshore,NA,Ssid,3,1,0,0,1,Healthy,Normal,None,Attached,N,NA,NA,Y
24-Oct-17,Y,LK_Buoy6,Offshore,NA,Ssid,3,1,0,0,1,Healthy,Normal,None,Attached,N,NA,NA,Y
24-Oct-17,Y,LK_Buoy6,Offshore,NA,Ssid,3,1,0,0,1,Healthy,Normal,None,Attached,N,NA,NA,Y
24-Oct-17,Y,LK_Buoy6,Offshore,NA,Ssid,3,1,0,0,1,Healthy,Normal,None,Attached,N,NA,NA,Y
24-Oct-17,Y,LK_Buoy6,Offshore,NA,Ssid,3,1,0,0,1,Healthy,Normal,None,Attached,N,NA,NA,Y
24-Oct-17,Y,LK_Buoy6,Offshore,138,Mcav,70,60,55,0,1,Healthy,Pale,Abrasion,Attached,N,12,0,Y
24-Oct-17,Y,LK_Buoy6,Offshore,139,Mcav,65,87,40,0,2,Healthy,Normal,Abrasion,Attached,N,12,0,Y
24-Oct-17,Y,LK_Buoy6,Offshore,140,Mcav,40,25,25,0,1,Healthy,Normal,Abrasion,Attached,N,12,0,Y
24-Oct-17,Y,LK_Buoy6,Offshore,141,Oann,70,60,35,0,1,Healthy,Pale,Abrasion,Attached,N,12,0,Y
24-Oct-17,Y,LK_Buoy6,Offshore,142,Mcav,90,45,50,0,1,Healthy,Pale,All,Dislodged,N,12,0,Y
24-Oct-17,Y,LK_Buoy6,Offshore,143,Oann,60,40,60,0,1,Healthy,Normal,All,Dislodged,Y,12,0,Y
24-Oct-17,Y,LK_Buoy6,Offshore,144,Past,10,10,40,0,1,Healthy,Normal,Abrasion,Attached,N,12,0,Y
24-Oct-17,Y,LK_Buoy6,Offshore,145,Dlab,70,60,70,0,2,Healthy,Pale,All,Dislodged,N,12,0,Y
24-Oct-17,Y,LK_Buoy6,Offshore,146,Past,8,6,0,0,1,Healthy,Pale,Abrasion,Attached,N,12,0,Y
24-Oct-17,Y,LK_Buoy6,Offshore,NA,Ssid,10,5,0,0,1,Healthy,Normal,None,Attached,N,12,0,Y
24-Oct-17,Y,LK_Buoy6,Offshore,147,Ofav,150,90,95,0,3,Healthy,Normal,None,Attached,N,12,0,Y
24-Oct-17,Y,LK_Buoy6,Offshore,148,Oann,30,40,50,0,1,Healthy,Normal,All,Dislodged,Y,12,0,Y
24-Oct-17,Y,LK_Buoy6,Offshore,149,Mcav,95,70,85,0,2,Healthy,Normal,All,Dislodged,N,NA,NA,Y
24-Oct-17,Y,LK_Buoy6,Offshore,NA,Ssid,2,1,0,0,1,Healthy,Normal,None,Attached,N,NA,NA,Y
24-Oct-17,Y,LK_Buoy6,Offshore,NA,Ssid,2,1,0,0,1,Healthy,Normal,None,Attached,N,NA,NA,Y
24-Oct-17,Y,LK_Buoy6,Offshore,NA,Ssid,2,1,0,0,1,Healthy,Normal,None,Attached,N,NA,NA,Y
24-Oct-17,Y,LK_Buoy6,Offshore,NA,Ssid,2,1,0,0,1,Healthy,Normal,None,Attached,N,NA,NA,Y
24-Oct-17,Y,LK_Buoy6,Offshore,NA,Ssid,2,1,0,0,1,Healthy,Normal,None,Attached,N,NA,NA,Y
24-Oct-17,Y,LK_Buoy6,Offshore,NA,Ssid,2,1,0,0,1,Healthy,Normal,None,Attached,N,NA,NA,Y
24-Oct-17,Y,LK_Buoy6,Offshore,150,Sbou,6,3,0,0,1,Healthy,Normal,None,Attached,N,6,1,Y
24-Oct-17,Y,LK_Buoy6,Offshore,NA,Ssid,8,1,0,0,1,Healthy,Normal,None,Attached,N,NA,NA,Y
24-Oct-17,Y,LK_Buoy6,Offshore,NA,Ssid,22,12,0,0,1,Healthy,Normal,None,Attached,N,NA,NA,Y
24-Oct-17,Y,LK_Buoy6,Offshore,151,Mcav,100,70,75,0,3,Healthy,Normal,Abrasion,Attached,N,12,0,Y
24-Oct-17,Y,LK_Buoy6,Offshore,152,Dlab,22,15,30,0,1,Healthy,Normal,None,Attached,N,12,0,Y
24-Oct-17,Y,LK_Buoy6,Offshore,153,Mcav,105,65,70,0,3,Healthy,Pale,Abrasion,Attached,N,12,0,Y
24-Oct-17,Y,LK_Buoy6,Offshore,154,Past,15,3,0,0,1,Healthy,Normal,None,Attached,N,12,0,Y
24-Oct-17,Y,LK_Buoy6,Offshore,155,Mcav,60,40,40,0,2,Healthy,Normal,Abrasion,Attached,N,12,0,Y
24-Oct-17,Y,LK_Buoy6,Offshore,NA,Ssid,2,1,0,0,1,Healthy,Normal,None,Attached,N,12,0,Y
24-Oct-17,Y,LK_Buoy6,Offshore,156,Ofav,55,15,45,0,1,Healthy,Normal,All,Dislodged,Y,12,0,Y
24-Oct-17,Y,LK_Buoy6,Offshore,157,Mcav,20,12,75,0,1,Healthy,Normal,None,Attached,N,12,0,Y
24-Oct-17,Y,LK_Buoy6,Offshore,158,Sint,6,1,0,0,1,Healthy,Pale,Sediment,Attached,N,12,0,Y
24-Oct-17,Y,LK_Buoy6,Offshore,159,Mcav,40,25,0,0,1,Healthy,Normal,None,Attached,N,12,0,Y
24-Oct-17,Y,LK_Buoy6,Offshore,NA,Ssid,12,8,0,0,1,Healthy,Normal,None,Attached,N,NA,NA,Y
24-Oct-17,Y,LK_Buoy6,Offshore,160,Ofav,18,20,70,0,1,Healthy,Normal,All,Dislodged,Y,12,0,Y
24-Oct-17,Y,LK_Buoy6,Offshore,161,Mcav,70,40,75,0,2,Healthy,Pale,AS,Attached,N,12,0,Y
24-Oct-17,N,LK_Buoy6,Offshore,162,Oann,5,15,70,0,1,Healthy,Normal,All,Dislodged,Y,12,0,N
24-Oct-17,N,LK_Buoy6,Offshore,163,Ofav,25,10,50,0,1,Healthy,Normal,All,Dislodged,Y,12,0,N
24-Oct-17,N,LK_Buoy6,Offshore,164,Mcav,30,50,70,0,1,Healthy,Pale,All,Dislodged,Y,12,0,N
24-Oct-17,N,LK_Buoy6,Offshore,165,Oann,60,50,55,0,2,Healthy,Normal,All,Dislodged,Y,12,0,N
24-Oct-17,N,LK_Buoy6,Offshore,166,Oann,30,22,60,0,1,Healthy,Normal,All,Dislodged,Y,12,0,N
24-Oct-17,N,LK_Buoy6,Offshore,167,Oann,30,20,40,0,1,Healthy,Normal,All,Dislodged,Y,12,0,N
24-Oct-17,N,LK_Buoy6,Offshore,168,Oann,10,20,50,0,1,Healthy,Normal,All,Dislodged,Y,12,0,N
24-Oct-17,N,LK_Buoy6,Offshore,169,Oann,30,20,60,0,1,Healthy,Normal,All,Dislodged,Y,12,0,N
24-Oct-17,N,LK_Buoy6,Offshore,170,Ofav,12,2,0,0,1,Healthy,Normal,None,Attached,N,12,0,N
24-Oct-17,N,LK_Buoy6,Offshore,171,Ofav,30,20,5,0,1,Healthy,Normal,None,Attached,N,12,0,N
24-Oct-17,Y,LK_Buoy12,Offshore,176,Ofav,80,85,60,0,1,Healthy,Normal,All,Dislodged,Y,12,0,Y
24-Oct-17,Y,LK_Buoy12,Offshore,177,Past,7,1,0,0,1,Healthy,Pale,Abrasion,Attached,N,12,0,Y
24-Oct-17,Y,LK_Buoy12,Offshore,NA,Ssid,1,1,0,0,1,Healthy,Normal,None,Attached,N,12,0,Y
24-Oct-17,Y,LK_Buoy12,Offshore,178,Ofav,20,7,75,0,1,Healthy,Normal,All,Dislodged,Y,12,0,Y
24-Oct-17,Y,LK_Buoy12,Offshore,NA,Ssid,4,2,0,0,1,Healthy,Normal,None,Attached,N,12,0,Y
24-Oct-17,Y,LK_Buoy12,Offshore,179,Oann,12,2,80,0,1,Healthy,Normal,All,Dislodged,Y,12,0,Y
24-Oct-17,Y,LK_Buoy12,Offshore,180,Ofav,60,22,15,0,1,Healthy,Normal,All,Dislodged,Y,12,0,Y
24-Oct-17,Y,LK_Buoy12,Offshore,181,Ppor,5,8,35,0,1,Healthy,Pale,All,Dislodged,Y,6,1,Y
24-Oct-17,Y,LK_Buoy12,Offshore,182,Oann,22,25,60,0,1,Healthy,Normal,All,Dislodged,Y,12,0,Y
24-Oct-17,Y,LK_Buoy12,Offshore,NA,Ssid,10,2,0,0,1,Healthy,Normal,None,Attached,N,12,0,Y
24-Oct-17,Y,LK_Buoy12,Offshore,NA,Ssid,10,2,0,0,1,Healthy,Normal,None,Attached,N,NA,,Y
24-Oct-17,Y,LK_Buoy12,Offshore,NA,Ssid,6,1,0,0,1,Healthy,Normal,None,Attached,N,12,0,Y
24-Oct-17,Y,LK_Buoy12,Offshore,NA,Ssid,6,1,0,0,1,Healthy,Normal,None,Attached,N,NA,,Y
24-Oct-17,Y,LK_Buoy12,Offshore,NA,Ssid,2,1,0,0,1,Healthy,Normal,None,Attached,N,12,0,Y
24-Oct-17,Y,LK_Buoy12,Offshore,NA,Ssid,2,1,0,0,1,Healthy,Normal,None,Attached,N,NA,,Y
24-Oct-17,Y,LK_Buoy12,Offshore,183,Ofav,80,50,75,0,1,Healthy,Pale,All,Dislodged,Y,12,0,Y
24-Oct-17,Y,LK_Buoy12,Offshore,184,Past,20,2,0,0,1,Healthy,Normal,None,Attached,N,12,0,Y
24-Oct-17,Y,LK_Buoy12,Offshore,185,Ofav,25,13,10,0,1,Healthy,Pale,All,Dislodged,Y,12,0,Y
24-Oct-17,Y,LK_Buoy12,Offshore,186,Past,6,2,0,0,1,Healthy,Normal,None,Attached,N,12,0,Y
24-Oct-17,Y,LK_Buoy12,Offshore,187,Past,2,1,0,0,1,Healthy,Normal,None,Attached,N,12,0,Y
24-Oct-17,Y,LK_Buoy12,Offshore,188,Ofav,60,80,15,0,1,Healthy,Normal,None,Attached,N,12,0,Y
24-Oct-17,Y,LK_Buoy12,Offshore,189,Ofav,20,22,5,0,1,Healthy,Normal,None,Attached,N,12,0,Y
24-Oct-17,Y,LK_Buoy12,Offshore,190,Ofav,180,90,75,0,6,Healthy,Pale,None,Attached,N,12,0,Y
24-Oct-17,Y,LK_Buoy12,Offshore,191,Ppor,40,15,10,20,1,Healthy,Normal,All,Dislodged,N,12,0,Y
24-Oct-17,Y,LK_Buoy12,Offshore,192,Oann,50,35,80,0,1,Healthy,Normal,None,Attached,N,12,0,Y
24-Oct-17,Y,LK_Buoy12,Offshore,193,Past,45,30,40,0,2,Healthy,Normal,None,Attached,N,12,0,Y
24-Oct-17,Y,LK_Buoy12,Offshore,194,Ofav,100,105,30,0,3,Healthy,Normal,None,Attached,N,12,0,Y
24-Oct-17,Y,LK_Buoy12,Offshore,195,Ofav,22,2,0,0,1,Healthy,Normal,None,Attached,Y,12,0,Y
24-Oct-17,Y,LK_Buoy12,Offshore,196,Ofav,20,2,0,0,1,Healthy,Normal,None,Attached,Y,12,0,Y
24-Oct-17,Y,LK_Buoy12,Offshore,197,Ofav,210,150,30,0,1,Healthy,Pale,None,Attached,N,12,0,Y
24-Oct-17,Y,LK_Buoy12,Offshore,198,Past,20,10,5,0,1,Healthy,Normal,None,Attached,N,12,0,Y
24-Oct-17,Y,LK_Buoy12,Offshore,199,Cnat,85,90,10,0,1,Healthy,Normal,None,Attached,N,12,0,Y
24-Oct-17,Y,LK_Buoy12,Offshore,200,Ofav,115,105,30,0,1,Healthy,Normal,None,Attached,N,12,0,Y
24-Oct-17,Y,LK_Buoy12,Offshore,201,Cnat,105,85,10,0,1,Healthy,Pale,None,Attached,N,12,0,Y
24-Oct-17,Y,LK_Buoy12,Offshore,202,Oann,190,110,30,0,1,Healthy,Normal,None,Attached,N,12,0,Y
24-Oct-17,Y,LK_Buoy12,Offshore,203,Ofav,205,125,15,0,1,Healthy,Normal,None,Attached,N,12,0,Y
24-Oct-17,Y,LK_Buoy12,Offshore,204,Ofav,30,10,35,0,1,Healthy,Normal,None,Attached,N,12,0,Y
24-Oct-17,Y,LK_Buoy12,Offshore,205,Past,20,2,0,0,1,Healthy,Normal,None,Attached,N,12,0,Y
24-Oct-17,Y,LK_Buoy12,Offshore,206,Cnat,35,15,60,0,1,Healthy,Normal,None,Attached,N,12,0,Y
24-Oct-17,Y,LK_Buoy12,Offshore,207,Past,10,10,0,0,1,Healthy,Normal,None,Attached,N,12,0,Y
24-Oct-17,Y,LK_Buoy12,Offshore,208,Cnat,18,10,0,0,1,Healthy,Normal,Broken,Attached,N,12,0,Y
24-Oct-17,Y,LK_Buoy12,Offshore,209,Ofav,25,12,0,0,1,Healthy,Normal,None,Attached,N,12,0,Y
24-Oct-17,Y,LK_Buoy12,Offshore,210,Oann,15,10,80,0,2,Healthy,Normal,Broken,Attached,Y,12,0,Y
24-Oct-17,Y,LK_Buoy12,Offshore,211,Uaga,25,10,0,0,1,Healthy,Normal,None,Attached,N,12,0,Y
24-Oct-17,Y,LK_Buoy12,Offshore,212,Mcav,27,12,0,0,1,Healthy,Normal,None,Attached,N,12,0,Y
24-Oct-17,Y,LK_Buoy12,Offshore,213,Mcav,43,18,10,0,1,Healthy,Normal,None,Attached,N,12,0,Y
24-Oct-17,Y,LK_Buoy12,Offshore,214,Mcav,52,29,0,0,1,Healthy,Normal,None,Attached,N,12,0,Y
24-Oct-17,Y,LK_Buoy12,Offshore,215,Mcav,29,15,0,0,1,Healthy,Normal,None,Attached,N,12,0,Y
24-Oct-17,Y,LK_Buoy12,Offshore,216,Oann,105,105,35,0,1,Healthy,Normal,None,Attached,N,12,0,Y
24-Oct-17,N,LK_Buoy12,Offshore,217,Oann,45,55,15,0,1,Healthy,Normal,None,Attached,N,12,0,N
26-Oct-17,Y,Jaap1,Inshore,226,Ofav,75,55,65,0,5,Healthy,Normal,Abrasion,Attached,NA,NA,NA,Y
26-Oct-17,Y,Jaap1,Inshore,227,Oann,80,50,45,0,15,Healthy,Normal,BD,Dislodged,NA,NA,NA,Y
26-Oct-17,Y,Jaap1,Inshore,228,Ofav,40,32,60,0,1,Healthy,Normal,None,Attached,NA,NA,NA,Y
26-Oct-17,Y,Jaap1,Inshore,229,Ofav,37,39,75,0,1,Healthy,Normal,BD,Dislodged,NA,NA,NA,Y
26-Oct-17,Y,Jaap1,Inshore,230,Ofav,57,20,65,0,1,Healthy,Normal,BD,Dislodged,NA,NA,NA,Y
26-Oct-17,Y,Jaap1,Inshore,231,Ppor,20,12,100,0,1,Healthy,Normal,None,Attached,NA,NA,NA,Y
26-Oct-17,Y,Jaap1,Inshore,232,Oann,45,39,40,0,2,Healthy,Normal,None,Attached,NA,NA,NA,Y
26-Oct-17,Y,Jaap1,Inshore,233,Ofav,85,55,85,0,15,Healthy,Normal,None,Attached,NA,NA,NA,Y
26-Oct-17,Y,Jaap1,Inshore,234,Past,25,18,65,0,1,Healthy,Normal,Loose,Dislodged,NA,NA,NA,Y
26-Oct-17,Y,Jaap1,Inshore,235,Past,20,20,30,0,1,Healthy,Normal,Loose,Dislodged,NA,NA,NA,Y
26-Oct-17,Y,Jaap1,Inshore,236,Past,10,10,0,0,1,Healthy,Normal,None,Attached,NA,NA,NA,Y
26-Oct-17,Y,Jaap1,Inshore,237,Past,30,20,0,0,1,Healthy,Normal,None,Attached,NA,NA,NA,Y
26-Oct-17,Y,Jaap1,Inshore,238,Oann,60,50,0,0,1,Healthy,Normal,AD,Dislodged,NA,NA,NA,Y
26-Oct-17,Y,Jaap1,Inshore,239,Sint,18,5,0,0,1,Healthy,Normal,None,Attached,NA,NA,NA,Y
26-Oct-17,Y,Jaap1,Inshore,240,Ofav,160,145,80,0,25,Healthy,Normal,None,Attached,NA,NA,NA,Y
26-Oct-17,Y,Jaap1,Inshore,241,Past,15,15,0,0,1,Healthy,Normal,None,Attached,NA,NA,NA,Y
26-Oct-17,Y,Jaap1,Inshore,242,Pcli,90,15,30,0,1,Healthy,Normal,None,Attached,NA,NA,NA,Y
26-Oct-17,Y,Jaap1,Inshore,243,Mcav,12,8,60,0,1,Healthy,Normal,None,Attached,NA,NA,NA,Y
26-Oct-17,Y,Jaap1,Inshore,244,Mcav,50,22,100,0,1,Healthy,Normal,None,Attached,NA,NA,NA,Y
26-Oct-17,Y,Jaap1,Inshore,245,Mcav,40,15,45,0,1,Healthy,Normal,None,Attached,NA,NA,NA,Y
26-Oct-17,Y,Jaap1,Inshore,246,Oann,28,12,50,0,1,Healthy,Normal,BD,Dislodged,Y,NA,NA,Y
26-Oct-17,Y,Jaap1,Inshore,247,Mcav,45,22,10,0,1,Healthy,Normal,None,Attached,NA,NA,NA,Y
26-Oct-17,Y,Jaap1,Inshore,248,Past,50,20,0,0,1,Healthy,Normal,None,Attached,NA,NA,NA,Y
26-Oct-17,Y,Jaap1,Inshore,249,Dlab,12,8,0,0,1,Healthy,Pale,None,Attached,NA,NA,NA,Y
26-Oct-17,Y,Jaap1,Inshore,250,Past,6,6,0,0,1,Healthy,Normal,None,Attached,NA,NA,NA,Y
26-Oct-17,Y,Jaap1,Inshore,251,Past,12,8,0,0,1,Healthy,Normal,None,Attached,NA,NA,NA,Y
26-Oct-17,Y,Jaap1,Inshore,252,Srad,10,3,0,0,1,Healthy,Normal,None,Attached,NA,NA,NA,Y
26-Oct-17,Y,Jaap1,Inshore,253,Past,22,10,15,0,1,Healthy,Normal,Abrasion,Attached,NA,NA,NA,Y
26-Oct-17,Y,Jaap1,Inshore,254,Past,45,21,30,0,1,Healthy,Normal,Dislodged,Dislodged,NA,NA,NA,Y
26-Oct-17,Y,Jaap1,Inshore,255,Past,40,25,0,0,1,Healthy,Normal,None,Attached,NA,NA,NA,Y
26-Oct-17,Y,Jaap1,Inshore,256,Mcav,15,10,25,0,1,Healthy,Normal,Dislodged,Dislodged,NA,NA,NA,Y
26-Oct-17,Y,Jaap1,Inshore,257,Past,20,12,15,0,1,Healthy,Normal,None,Attached,NA,NA,NA,Y
26-Oct-17,Y,Jaap1,Inshore,258,Ofav,55,40,70,0,1,Healthy,Normal,Dislodged,Dislodged,NA,NA,NA,Y
26-Oct-17,Y,Jaap1,Inshore,259,Past,10,10,0,0,1,Healthy,Normal,None,Attached,NA,NA,NA,Y
26-Oct-17,Y,Jaap1,Inshore,260,Past,20,10,0,0,1,Healthy,Normal,Dislodged,Dislodged,NA,NA,NA,Y
26-Oct-17,Y,Jaap1,Inshore,261,Past,20,10,15,0,1,Healthy,Normal,Dislodged,Dislodged,NA,NA,NA,Y
26-Oct-17,Y,Jaap1,Inshore,262,Mcav,19,10,30,0,2,Healthy,Normal,Dislodged,Dislodged,Y,NA,NA,Y
26-Oct-17,Y,Jaap1,Inshore,263,Ofav,10,12,50,0,1,Healthy,Normal,Dislodged,Dislodged,NA,NA,NA,Y
26-Oct-17,Y,Jaap1,Inshore,264,Past,15,15,0,0,1,Healthy,Normal,Dislodged,Dislodged,NA,NA,NA,Y
26-Oct-17,Y,Jaap1,Inshore,265,Sint,30,15,0,0,1,Healthy,Normal,Dislodged,Dislodged,NA,NA,NA,Y
26-Oct-17,Y,Jaap1,Inshore,266,Mcav,15,8,70,10,2,Healthy,Normal,AD,Dislodged,Y,NA,NA,Y
26-Oct-17,Y,Jaap1,Inshore,267,Ofav,8,3,0,70,1,Healthy,Normal,BD,Dislodged,Y,NA,NA,Y
26-Oct-17,Y,Jaap1,Inshore,268,Oann,42,25,85,0,2,Healthy,Normal,Dislodged,Dislodged,NA,NA,NA,Y
26-Oct-17,Y,Jaap1,Inshore,269,Oann,10,10,0,0,1,Healthy,Pale,Dislodged,Dislodged,Y,NA,NA,Y
26-Oct-17,Y,Jaap1,Inshore,270,Past,10,10,0,35,1,Healthy,Normal,None,Attached,NA,NA,NA,Y
26-Oct-17,Y,Jaap1,Inshore,271,Past,18,8,60,0,1,Healthy,Normal,None,Attached,NA,NA,NA,Y
26-Oct-17,Y,Jaap1,Inshore,272,Past,12,12,0,50,1,Healthy,Normal,Dislodged,Dislodged,NA,NA,NA,Y
26-Oct-17,Y,Jaap1,Inshore,273,Past,20,15,60,20,1,Healthy,Normal,None,Attached,NA,NA,NA,Y
26-Oct-17,Y,Jaap1,Inshore,274,Ofav,20,20,0,0,1,Healthy,Normal,Dislodged,Dislodged,NA,NA,NA,Y
26-Oct-17,Y,Jaap1,Inshore,275,Ofav,10,10,0,0,1,Healthy,Normal,Dislodged,Dislodged,NA,NA,NA,Y
26-Oct-17,Y,Jaap1,Inshore,276,Oann,12,8,0,0,1,Healthy,Normal,Dislodged,Dislodged,Y,NA,NA,Y
26-Oct-17,Y,Jaap1,Inshore,277,Past,8,8,0,0,1,Healthy,Normal,Dislodged,Dislodged,NA,NA,NA,Y
26-Oct-17,Y,Jaap1,Inshore,278,Past,10,10,0,0,1,Healthy,Normal,Dislodged,Dislodged,NA,NA,NA,Y
26-Oct-17,Y,Jaap1,Inshore,279,Oann,20,10,90,0,1,Healthy,Normal,Dislodged,Dislodged,Y,NA,NA,Y
26-Oct-17,Y,Jaap1,Inshore,280,Oann,10,20,85,0,1,Healthy,Normal,Dislodged,Dislodged,N,NA,NA,Y
26-Oct-17,Y,Jaap1,Inshore,281,Oann,35,25,0,0,1,Healthy,Normal,Dislodged,Dislodged,NA,NA,NA,Y
26-Oct-17,Y,Jaap1,Inshore,282,Oann,13,10,30,0,1,Healthy,Normal,Dislodged,Dislodged,NA,NA,NA,Y
26-Oct-17,Y,Jaap1,Inshore,283,Oann,20,12,20,30,1,Healthy,Pale,Dislodged,Dislodged,NA,NA,NA,Y
26-Oct-17,Y,Jaap1,Inshore,284,Past,18,15,20,10,1,Healthy,Pale,Dislodged,Dislodged,NA,NA,NA,Y
26-Oct-17,Y,Jaap1,Inshore,285,Ofav,70,35,50,5,3,Healthy,Normal,Abrasion,Attached,NA,NA,NA,Y
26-Oct-17,Y,Jaap1,Inshore,286,Past,20,10,0,0,1,Healthy,Normal,None,Attached,NA,NA,NA,Y
26-Oct-17,Y,Jaap1,Inshore,287,Past,12,5,0,0,1,Healthy,Normal,None,Attached,NA,NA,NA,Y
26-Oct-17,Y,Jaap1,Inshore,288,Past,15,10,0,0,1,Healthy,Normal,None,Attached,NA,NA,NA,Y
26-Oct-17,Y,Jaap1,Inshore,289,Past,40,18,0,0,1,Healthy,Normal,None,Attached,NA,NA,NA,Y
26-Oct-17,Y,Jaap1,Inshore,290,Past,35,15,0,0,1,Healthy,Normal,None,Attached,NA,NA,NA,Y
26-Oct-17,Y,Jaap1,Inshore,291,Past,30,15,0,0,1,Healthy,Normal,None,Attached,NA,NA,NA,Y
26-Oct-17,Y,Jaap1,Inshore,292,Srad,12,3,0,0,1,Healthy,Normal,None,Attached,NA,NA,NA,Y
26-Oct-17,Y,Jaap1,Inshore,293,Srad,8,2,0,0,1,Healthy,Normal,None,Attached,NA,NA,NA,Y
26-Oct-17,Y,Jaap1,Inshore,294,Srad,5,2,0,0,1,Healthy,Normal,None,Attached,NA,NA,NA,Y
26-Oct-17,Y,Jaap1,Inshore,295,Ofav,18,5,0,15,1,Healthy,Pale,Dislodged,Dislodged,NA,NA,NA,Y
26-Oct-17,Y,Jaap1,Inshore,296,Ofav,40,25,0,0,1,Healthy,Normal,None,Attached,NA,NA,NA,Y
26-Oct-17,Y,Jaap1,Inshore,297,Ppor,15,15,0,0,1,Healthy,Normal,Dislodged,Dislodged,NA,NA,NA,Y
26-Oct-17,Y,Jaap1,Inshore,298,Ofav,100,100,80,0,12,Healthy,Normal,None,Attached,NA,NA,NA,Y
26-Oct-17,Y,Jaap1,Inshore,299,Past,25,20,0,0,1,Healthy,Normal,None,Attached,NA,NA,NA,Y
26-Oct-17,Y,Jaap1,Inshore,300,Mcav,10,10,50,0,1,Healthy,Normal,Dislodged,Dislodged,NA,NA,NA,Y
26-Oct-17,Y,Jaap1,Inshore,301,Past,18,5,0,0,1,Healthy,Normal,None,Attached,NA,NA,NA,Y
26-Oct-17,Y,Jaap1,Inshore,302,Oculina,42,15,80,0,1,Healthy,Normal,None,Attached,NA,NA,NA,Y
26-Oct-17,Y,Jaap1,Inshore,303,Ofav,95,55,85,0,10,Healthy,Normal,None,Attached,NA,NA,NA,Y
26-Oct-17,Y,Jaap1,Inshore,304,Oann,18,12,35,0,1,Healthy,Pale,Dislodged,Dislodged,NA,NA,NA,Y
26-Oct-17,Y,Jaap1,Inshore,305,Oann,15,10,50,0,1,Healthy,Pale,Dislodged,Dislodged,NA,NA,NA,N
26-Oct-17,Y,Jaap1,Inshore,306,Oann,30,18,60,0,6,Healthy,Normal,Dislodged,Dislodged,NA,NA,NA,N
26-Oct-17,Y,Jaap1,Inshore,307,Oann,30,30,50,0,2,Healthy,Normal,Dislodged,Dislodged,NA,NA,NA,N
26-Oct-17,Y,Jaap1,Inshore,308,Ofav,35,20,65,0,2,Healthy,Normal,Dislodged,Dislodged,NA,NA,NA,N
26-Oct-17,Y,Jaap1,Inshore,309,Oann,28,20,50,0,4,Healthy,Normal,Dislodged,Dislodged,NA,NA,NA,N
26-Oct-17,Y,Jaap1,Inshore,310,Oann,12,8,65,0,2,Healthy,Normal,Dislodged,Dislodged,NA,NA,NA,N
26-Oct-17,Y,Jaap1,Inshore,311,Cnat,35,12,85,0,4,Healthy,Normal,None,Attached,NA,NA,NA,N
26-Oct-17,Y,Jaap1,Inshore,312,Past,25,20,90,0,2,Healthy,Normal,Dislodged,Dislodged,NA,NA,NA,N
26-Oct-17,Y,Jaap1,Inshore,313,Past,35,18,60,0,3,Healthy,Normal,None,Attached,NA,NA,NA,N
26-Oct-17,Y,Jaap1,Inshore,314,Ofav,100,45,80,0,15,Healthy,Normal,None,Attached,NA,NA,NA,N
26-Oct-17,Y,Jaap1,Inshore,315,Past,10,10,0,0,1,Healthy,Normal,None,Attached,NA,NA,NA,N
26-Oct-17,Y,Jaap1,Inshore,316,Past,15,8,0,0,1,Healthy,Normal,None,Attached,NA,NA,NA,N
26-Oct-17,Y,Jaap1,Inshore,317,Past,12,12,10,0,1,Healthy,Normal,None,Attached,NA,NA,NA,N
26-Oct-17,Y,Jaap2,Inshore,318,Dsto,11,7,0,0,1,Healthy,Normal,None,Attached,N,NA,NA,Y
26-Oct-17,Y,Jaap2,Inshore,319,Srad,3,3,0,0,1,Healthy,Normal,None,Attached,N,NA,NA,Y
26-Oct-17,Y,Jaap2,Inshore,320,Past,12,7,10,0,1,Healthy,Normal,None,Attached,N,NA,NA,Y
26-Oct-17,Y,Jaap2,Inshore,321,Pstr,100,10,5,0,1,Healthy,Normal,None,Attached,N,NA,NA,Y
26-Oct-17,Y,Jaap2,Inshore,322,Oann,72,38,30,0,1,Healthy,Normal,Dislodged,Dislodged,N,NA,NA,Y
26-Oct-17,Y,Jaap2,Inshore,323,Oann,55,20,50,0,5,Healthy,Normal,Dislodged,Dislodged,N,NA,NA,Y
26-Oct-17,Y,Jaap2,Inshore,324,Oann,62,35,0,0,1,Healthy,Normal,None,Attached,N,NA,NA,Y
26-Oct-17,Y,Jaap2,Inshore,325,Past,21,9,5,0,1,Healthy,Normal,Dislodged,Dislodged,N,NA,NA,Y
26-Oct-17,Y,Jaap2,Inshore,326,Past,35,12,5,0,1,Healthy,Normal,Dislodged,Dislodged,N,NA,NA,Y
26-Oct-17,Y,Jaap2,Inshore,327,Mcav,32,12,25,0,4,Healthy,Normal,Dislodged,Dislodged,N,NA,NA,Y
26-Oct-17,Y,Jaap2,Inshore,328,Mcav,41,15,10,0,1,Healthy,Normal,None,Attached,N,NA,NA,Y
26-Oct-17,Y,Jaap2,Inshore,329,Oann,40,35,60,0,3,Healthy,Normal,None,Attached,N,NA,NA,Y
26-Oct-17,Y,Jaap2,Inshore,330,Mcav,20,7,10,0,1,Healthy,Normal,Dislodged,Dislodged,N,NA,NA,Y
26-Oct-17,Y,Jaap2,Inshore,331,Dlab,32,7,10,0,1,Healthy,Normal,Dislodged,Dislodged,N,NA,NA,Y
26-Oct-17,Y,Jaap2,Inshore,332,Ofav,35,12,10,0,1,Healthy,Normal,Dislodged,Dislodged,N,NA,NA,Y
26-Oct-17,Y,Jaap2,Inshore,333,Oann,38,12,50,0,1,Healthy,Normal,BD,Dislodged,Y,NA,NA,Y
26-Oct-17,Y,Jaap2,Inshore,334,Oann,23,8,20,0,1,Healthy,Normal,BD,Dislodged,Y,NA,NA,Y
26-Oct-17,Y,Jaap2,Inshore,335,Ppor,8,5,20,0,2,Healthy,Normal,BD,Dislodged,Y,NA,NA,Y
26-Oct-17,Y,Jaap2,Inshore,336,Ppor,7,3,10,0,1,Healthy,Normal,BD,Dislodged,Y,NA,NA,Y
26-Oct-17,Y,Jaap2,Inshore,337,Past,18,7,10,0,1,Healthy,Normal,BD,Dislodged,Y,NA,NA,Y
26-Oct-17,Y,Jaap2,Inshore,338,Past,9,5,20,0,1,Healthy,Normal,BD,Dislodged,Y,NA,NA,Y
26-Oct-17,Y,Jaap2,Inshore,339,Oann,20,15,50,0,1,Healthy,Normal,BD,Dislodged,Y,NA,NA,Y
26-Oct-17,Y,Jaap2,Inshore,340,Past,25,18,20,0,1,Healthy,Normal,BD,Dislodged,Y,NA,NA,Y
26-Oct-17,Y,Jaap2,Inshore,341,Oann,55,26,80,0,7,Healthy,Normal,None,Attached,N,NA,NA,Y
26-Oct-17,Y,Jaap2,Inshore,342,Oann,25,18,80,0,5,Healthy,Normal,BD,Dislodged,Y,NA,NA,Y
26-Oct-17,Y,Jaap2,Inshore,343,Past,11,7,0,0,1,Healthy,Normal,Dislodged,Dislodged,N,NA,NA,Y
26-Oct-17,Y,Jaap2,Inshore,344,Past,15,7,0,0,1,Healthy,Normal,Dislodged,Dislodged,N,NA,NA,Y
26-Oct-17,Y,Jaap2,Inshore,345,Oann,23,10,50,0,3,Healthy,Normal,None,Attached,N,NA,NA,Y
26-Oct-17,Y,Jaap2,Inshore,346,Oann,20,7,0,0,1,Healthy,Normal,BD,Dislodged,Y,NA,NA,Y
26-Oct-17,Y,Jaap2,Inshore,347,Oann,50,18,80,5,10,Healthy,Normal,None,Attached,N,NA,NA,Y
26-Oct-17,Y,Jaap2,Inshore,348,Pcli,12,7,80,0,1,Healthy,Normal,BD,Dislodged,Y,NA,NA,Y
26-Oct-17,Y,Jaap2,Inshore,349,Sbou,13,9,10,0,1,Healthy,Normal,Dislodged,Dislodged,N,NA,NA,Y
26-Oct-17,Y,Jaap2,Inshore,350,Past,8,7,50,0,1,Healthy,Normal,BD,Dislodged,Y,NA,NA,Y
26-Oct-17,Y,Jaap2,Inshore,351,Oann,12,7,5,0,1,Healthy,Normal,None,Attached,N,NA,NA,Y
26-Oct-17,Y,Jaap2,Inshore,352,Oann,23,12,70,0,2,Healthy,Normal,Dislodged,Dislodged,N,NA,NA,Y
26-Oct-17,Y,Jaap2,Inshore,353,Oann,18,25,40,0,1,Healthy,Normal,Dislodged,Dislodged,N,NA,NA,Y
26-Oct-17,Y,Jaap2,Inshore,354,Oann,48,25,30,0,5,Healthy,Normal,None,Attached,N,NA,NA,Y
26-Oct-17,Y,Jaap2,Inshore,355,Past,18,9,0,0,1,Healthy,Normal,None,Attached,N,NA,NA,Y
26-Oct-17,Y,Jaap2,Inshore,356,Past,12,7,30,0,1,Healthy,Normal,None,Attached,N,NA,NA,Y
26-Oct-17,Y,Jaap2,Inshore,357,Past,10,5,0,0,1,Healthy,Normal,None,Attached,N,NA,NA,Y
26-Oct-17,Y,Jaap2,Inshore,358,Oann,9,7,80,0,2,Healthy,Normal,None,Attached,N,NA,NA,Y
26-Oct-17,Y,Jaap2,Inshore,359,Oann,175,90,70,0,10,Healthy,Normal,None,Attached,N,NA,NA,Y
26-Oct-17,Y,Jaap2,Inshore,360,Ppor,12,7,5,0,1,Healthy,Pale,None,Attached,N,NA,NA,Y
26-Oct-17,Y,Jaap2,Inshore,361,Past,18,7,5,5,1,Healthy,Normal,Dislodged,Dislodged,N,NA,NA,Y
26-Oct-17,Y,Jaap2,Inshore,362,Past,22,7,5,0,1,Healthy,Normal,Dislodged,Dislodged,N,NA,NA,Y
26-Oct-17,Y,Jaap2,Inshore,363,Oann,25,8,90,0,2,Healthy,Normal,BD,Dislodged,Y,NA,NA,Y
26-Oct-17,Y,Jaap2,Inshore,364,Oann,40,15,50,0,1,Healthy,Normal,BD,Dislodged,Y,NA,NA,Y
26-Oct-17,Y,Jaap2,Inshore,365,Ofav,58,38,20,0,1,Healthy,Normal,None,Attached,N,NA,NA,Y
26-Oct-17,Y,Jaap2,Inshore,366,Past,14,7,30,0,1,Healthy,Normal,Dislodged,Dislodged,N,NA,NA,Y
26-Oct-17,Y,Jaap2,Inshore,367,Past,10,3,20,0,1,Healthy,Normal,BD,Dislodged,Y,NA,NA,Y
26-Oct-17,Y,Jaap2,Inshore,368,Cnat,18,7,0,5,1,Healthy,Normal,Dislodged,Dislodged,N,NA,NA,Y
26-Oct-17,Y,Jaap2,Inshore,369,Mcav,9,4,20,0,1,Healthy,Normal,BD,Dislodged,Y,NA,NA,Y
26-Oct-17,Y,Jaap2,Inshore,370,Past,9,3,20,0,1,Healthy,Normal,Dislodged,Dislodged,N,NA,NA,Y
26-Oct-17,Y,Jaap2,Inshore,371,Oann,35,7,11,0,5,Healthy,Normal,None,Attached,N,NA,NA,Y
26-Oct-17,Y,Jaap2,Inshore,372,Oann,15,9,10,0,1,Healthy,Normal,BD,Dislodged,Y,NA,NA,Y
26-Oct-17,Y,Jaap2,Inshore,373,Ofav,58,42,40,0,1,Healthy,Normal,None,Attached,N,NA,NA,Y
26-Oct-17,Y,Jaap2,Inshore,374,Oann,90,75,30,0,10,Healthy,Normal,None,Attached,N,NA,NA,Y
26-Oct-17,Y,Jaap2,Inshore,375,Oann,100,75,60,0,10,Healthy,Normal,None,Attached,N,NA,NA,Y
26-Oct-17,Y,Jaap2,Inshore,376,Past,25,18,60,0,1,Healthy,Normal,Dislodged,Dislodged,N,NA,NA,Y
26-Oct-17,Y,Jaap2,Inshore,377,Oann,50,50,60,0,10,Healthy,Normal,None,Attached,N,NA,NA,Y
26-Oct-17,Y,Jaap2,Inshore,378,Ofav,18,12,30,0,1,Healthy,Normal,Dislodged,Dislodged,N,NA,NA,Y
26-Oct-17,Y,Jaap2,Inshore,379,Past,17,7,50,0,1,Healthy,Normal,Dislodged,Dislodged,N,NA,NA,Y
26-Oct-17,Y,Jaap2,Inshore,380,Ofav,45,40,60,0,1,Healthy,Normal,None,Attached,N,NA,NA,Y
26-Oct-17,Y,Jaap2,Inshore,381,Ofav,35,20,30,0,2,Healthy,Normal,Dislodged,Dislodged,N,NA,NA,Y
26-Oct-17,Y,Jaap2,Inshore,382,Oann,18,7,50,0,1,Healthy,Normal,BD,Dislodged,Y,NA,NA,Y
26-Oct-17,Y,Jaap2,Inshore,383,Past,32,9,20,0,1,Healthy,Normal,None,Attached,N,NA,NA,Y
26-Oct-17,Y,Jaap2,Inshore,384,Oann,78,25,80,0,10,Healthy,Normal,None,Attached,N,NA,NA,Y
26-Oct-17,Y,Jaap2,Inshore,385,Past,23,9,0,0,1,Healthy,Normal,None,Attached,N,NA,NA,Y
26-Oct-17,Y,Jaap2,Inshore,386,Ofav,50,50,70,0,1,Healthy,Normal,None,Attached,N,NA,NA,Y
26-Oct-17,Y,Jaap2,Inshore,387,Oann,22,8,80,0,1,Healthy,Normal,BD,Dislodged,Y,NA,NA,Y
26-Oct-17,Y,Jaap2,Inshore,388,Ofav,45,21,30,0,1,Healthy,Normal,None,Attached,N,NA,NA,Y
26-Oct-17,Y,Jaap2,Inshore,389,Ofav,40,30,50,0,1,Healthy,Normal,BD,Dislodged,Y,NA,NA,Y
26-Oct-17,Y,Jaap2,Inshore,390,Past,35,15,20,0,1,Healthy,Normal,None,Attached,N,NA,NA,Y
26-Oct-17,Y,Jaap2,Inshore,391,Oann,45,35,50,0,10,Healthy,Normal,None,Attached,N,NA,NA,Y
26-Oct-17,Y,Jaap2,Inshore,392,Oann,25,12,80,0,1,Healthy,Normal,BD,Dislodged,Y,NA,NA,Y
26-Oct-17,Y,Jaap2,Inshore,393,Ofav,45,45,0,0,1,Healthy,Normal,None,Attached,N,NA,NA,Y
26-Oct-17,Y,Jaap2,Inshore,394,Ofav,50,50,30,0,1,Healthy,Normal,None,Attached,N,NA,NA,Y
26-Oct-17,Y,Jaap2,Inshore,395,Oann,40,40,20,0,1,Healthy,Normal,BD,Dislodged,Y,NA,NA,Y
26-Oct-17,Y,Jaap2,Inshore,396,Ofav,45,35,0,0,1,Healthy,Normal,None,Attached,N,NA,NA,Y
26-Oct-17,Y,Jaap2,Inshore,NA,Ssid,35,18,0,0,1,Healthy,Normal,None,Attached,N,NA,NA,Y
26-Oct-17,Y,Jaap2,Inshore,NA,Ssid,20,10,0,0,1,Healthy,Normal,None,Attached,N,NA,NA,Y
26-Oct-17,Y,Jaap2,Inshore,NA,Ssid,10,2,0,0,1,Healthy,Normal,None,Attached,N,NA,NA,Y
26-Oct-17,Y,Jaap2,Inshore,NA,Ssid,5,2,0,0,1,Healthy,Normal,None,Attached,N,NA,NA,Y
26-Oct-17,Y,Jaap2,Inshore,NA,Ssid,5,2,0,0,1,Healthy,Normal,None,Attached,N,NA,NA,Y
27-Oct-17,Y,Jaap3,Inshore,401,Srad,8,3,0,0,1,Healthy,Pale,None,Attached,N,NA,NA,Y
27-Oct-17,Y,Jaap3,Inshore,402,Dsto,23,20,5,0,1,Healthy,Normal,All,Dislodged,N,NA,NA,Y
27-Oct-17,Y,Jaap3,Inshore,403,Past,9,5,10,0,1,Healthy,Normal,None,Attached,N,NA,NA,Y
27-Oct-17,Y,Jaap3,Inshore,404,Sint,32,13,30,0,1,Healthy,Normal,None,Attached,N,NA,NA,Y
27-Oct-17,Y,Jaap3,Inshore,405,Pstr,11,6,0,0,1,Healthy,Normal,None,Attached,N,NA,NA,Y
27-Oct-17,Y,Jaap3,Inshore,406,Srad,7,3,10,0,1,Healthy,Normal,None,Attached,N,NA,NA,Y
27-Oct-17,Y,Jaap3,Inshore,NA,Ssid,42,13,50,0,3,Healthy,Normal,None,Attached,N,NA,NA,Y
27-Oct-17,Y,Jaap3,Inshore,407,Sint,32,13,40,0,1,Healthy,Normal,None,Attached,N,NA,NA,Y
27-Oct-17,Y,Jaap3,Inshore,408,Ppor,11,5,60,0,3,Healthy,Normal,Dislodged,Dislodged,Y,NA,NA,Y
27-Oct-17,Y,Jaap3,Inshore,409,Dlab,37,15,70,0,4,Healthy,Normal,Dislodged,Dislodged,N,NA,NA,Y
27-Oct-17,Y,Jaap3,Inshore,410,Srad,5,2,0,0,1,Healthy,Normal,Dislodged,Dislodged,N,NA,NA,Y
27-Oct-17,Y,Jaap3,Inshore,411,Oann,35,15,30,0,3,Healthy,Normal,Dislodged,Dislodged,N,NA,NA,Y
27-Oct-17,Y,Jaap3,Inshore,412,Oann,12,7,75,0,1,Healthy,Normal,Dislodged,Dislodged,Y,NA,NA,Y
27-Oct-17,Y,Jaap3,Inshore,413,Past,18,7,0,0,1,Healthy,Normal,None,Attached,N,NA,NA,Y
27-Oct-17,Y,Jaap3,Inshore,414,Past,12,5,0,0,1,Healthy,Normal,Dislodged,Dislodged,N,NA,NA,Y
27-Oct-17,Y,Jaap3,Inshore,415,Oann,50,17,80,0,3,Healthy,Normal,Dislodged,Dislodged,N,NA,NA,Y
27-Oct-17,Y,Jaap3,Inshore,416,Oann,45,40,30,0,1,Healthy,Normal,None,Attached,N,NA,NA,Y
27-Oct-17,Y,Jaap3,Inshore,417,Past,13,7,20,0,1,Healthy,Normal,Dislodged,Dislodged,N,NA,NA,Y
27-Oct-17,Y,Jaap3,Inshore,418,Past,18,6,20,0,1,Healthy,Normal,Dislodged,Dislodged,N,NA,NA,Y
27-Oct-17,Y,Jaap3,Inshore,NA,Ssid,23,10,50,0,1,Healthy,Normal,None,Attached,N,NA,NA,Y
27-Oct-17,Y,Jaap3,Inshore,419,Sbou,17,15,10,0,1,Healthy,Normal,Dislodged,Dislodged,N,NA,NA,Y
27-Oct-17,Y,Jaap3,Inshore,NA,Ssid,16,7,40,0,1,Healthy,Normal,Sediment,Attached,N,NA,NA,Y
27-Oct-17,Y,Jaap3,Inshore,420,Oann,10,7,50,0,1,Healthy,Normal,Dislodged,Dislodged,Y,NA,NA,Y
27-Oct-17,Y,Jaap3,Inshore,421,Past,9,4,0,0,1,Healthy,Normal,None,Attached,N,NA,NA,Y
27-Oct-17,Y,Jaap3,Inshore,422,Past,13,7,0,0,1,Healthy,Normal,None,Attached,N,NA,NA,Y
27-Oct-17,Y,Jaap3,Inshore,423,Oann,23,12,20,0,1,Healthy,Normal,None,Attached,N,NA,NA,Y
27-Oct-17,Y,Jaap3,Inshore,424,Ofav,120,80,30,0,1,Healthy,Normal,None,Attached,N,NA,NA,Y
27-Oct-17,Y,Jaap3,Inshore,425,Ofav,130,100,20,0,1,Healthy,Normal,None,Attached,N,NA,NA,Y
27-Oct-17,Y,Jaap3,Inshore,426,Pdiv,13,10,20,0,5,Healthy,Normal,None,Attached,N,NA,NA,Y
27-Oct-17,Y,Jaap3,Inshore,427,Mcav,25,10,0,0,1,Healthy,Normal,None,Attached,N,NA,NA,Y
27-Oct-17,Y,Jaap3,Inshore,428,Past,12,6,10,0,1,Healthy,Normal,None,Attached,N,NA,NA,Y
27-Oct-17,Y,Jaap3,Inshore,429,Mcav,15,7,0,0,1,Healthy,Normal,Dislodged,Dislodged,N,NA,NA,Y
27-Oct-17,Y,Jaap3,Inshore,430,Past,23,10,5,0,1,Healthy,Normal,None,Attached,N,NA,NA,Y
27-Oct-17,Y,Jaap3,Inshore,431,Ofav,15,7,30,0,1,Healthy,Normal,Dislodged,Dislodged,Y,NA,NA,Y
27-Oct-17,Y,Jaap3,Inshore,432,Past,20,7,0,0,1,Healthy,Normal,None,Attached,N,NA,NA,Y
27-Oct-17,Y,Jaap3,Inshore,433,Past,18,7,0,0,1,Healthy,Normal,None,Attached,N,NA,NA,Y
27-Oct-17,Y,Jaap3,Inshore,434,Cnat,10,3,0,0,1,Healthy,Normal,None,Attached,N,NA,NA,Y
27-Oct-17,Y,Jaap3,Inshore,435,Past,7,4,0,0,1,Healthy,Normal,None,Attached,N,NA,NA,Y
27-Oct-17,Y,Jaap3,Inshore,436,Past,20,9,0,0,1,Healthy,Normal,None,Attached,N,NA,NA,Y
27-Oct-17,Y,Jaap3,Inshore,437,Ofav,130,120,80,0,5,Healthy,Normal,None,Attached,N,NA,NA,Y
27-Oct-17,Y,Jaap3,Inshore,438,Dlab,15,9,0,0,1,Healthy,Normal,None,Attached,N,NA,NA,Y
27-Oct-17,Y,Jaap3,Inshore,439,Past,22,10,0,0,1,Healthy,Normal,None,Attached,N,NA,NA,Y
27-Oct-17,Y,Jaap3,Inshore,440,Ofav,100,90,20,0,1,Healthy,Normal,None,Attached,N,NA,NA,Y
27-Oct-17,Y,Jaap3,Inshore,441,Ofav,35,7,10,0,1,Healthy,Normal,Dislodged,Dislodged,Y,NA,NA,Y
27-Oct-17,Y,Jaap3,Inshore,442,Sint,20,5,5,0,1,Healthy,Normal,None,Attached,N,NA,NA,Y
27-Oct-17,Y,Jaap3,Inshore,443,Oann,20,7,90,0,4,Healthy,Normal,Dislodged,Dislodged,Y,NA,NA,Y
27-Oct-17,Y,Jaap3,Inshore,NA,Ssid,25,5,10,0,1,Healthy,Pale,None,Attached,N,NA,NA,Y
27-Oct-17,Y,Jaap3,Inshore,444,Past,15,4,5,0,1,Healthy,Normal,None,Attached,N,NA,NA,Y
27-Oct-17,Y,Jaap3,Inshore,445,Mcav,7,3,0,0,1,Healthy,Normal,None,Attached,N,NA,NA,Y
27-Oct-17,Y,Jaap3,Inshore,446,Ppor,22,7,0,0,1,Healthy,Normal,None,Attached,N,NA,NA,Y
27-Oct-17,Y,Jaap3,Inshore,447,Past,9,7,0,0,1,Healthy,Normal,None,Attached,N,NA,NA,Y
27-Oct-17,Y,Jaap3,Inshore,448,Past,20,7,0,0,1,Healthy,Normal,None,Attached,N,NA,NA,Y
27-Oct-17,Y,Jaap3,Inshore,449,Past,23,15,0,0,1,Healthy,Normal,None,Attached,N,NA,NA,Y
27-Oct-17,Y,Jaap3,Inshore,450,Past,20,15,0,0,1,Healthy,Normal,None,Attached,N,NA,NA,Y
27-Oct-17,Y,Jaap3,Inshore,451,Ofav,60,40,20,0,1,Healthy,Normal,None,Attached,N,NA,NA,Y
27-Oct-17,Y,Jaap3,Inshore,452,Ofav,23,12,20,0,1,Healthy,Normal,Dislodged,Dislodged,Y,NA,NA,Y
27-Oct-17,Y,Jaap3,Inshore,453,Ofav,100,100,50,0,5,Healthy,Normal,None,Attached,N,NA,NA,Y
27-Oct-17,Y,Jaap3,Inshore,454,Past,20,15,5,0,1,Healthy,Normal,None,Attached,N,NA,NA,Y
27-Oct-17,Y,Jaap3,Inshore,455,Past,28,20,10,0,1,Healthy,Normal,None,Attached,N,NA,NA,Y
27-Oct-17,Y,Jaap3,Inshore,456,Past,18,9,0,0,1,Healthy,Normal,None,Attached,N,NA,NA,Y
27-Oct-17,Y,Jaap3,Inshore,457,Past,5,5,0,0,1,Healthy,Normal,None,Attached,N,NA,NA,Y
27-Oct-17,Y,Jaap3,Inshore,458,Past,35,10,75,0,1,Healthy,Normal,None,Attached,N,NA,NA,Y
27-Oct-17,Y,Jaap3,Inshore,459,Past,15,7,0,0,1,Healthy,Normal,None,Attached,N,NA,NA,Y
27-Oct-17,Y,Jaap3,Inshore,460,Past,11,7,0,0,1,Healthy,Normal,None,Attached,N,NA,NA,Y
27-Oct-17,Y,Jaap3,Inshore,461,Ofav,110,120,75,0,10,Healthy,Normal,None,Attached,N,NA,NA,Y
27-Oct-17,Y,Jaap3,Inshore,462,Ppor,8,5,10,0,1,Healthy,Normal,None,Attached,N,NA,NA,Y
27-Oct-17,Y,Jaap3,Inshore,463,Ofav,100,110,50,0,5,Healthy,Normal,None,Attached,N,NA,NA,Y
27-Oct-17,Y,Jaap3,Inshore,464,Ofav,210,120,80,0,20,Healthy,Normal,None,Attached,N,NA,NA,Y
27-Oct-17,Y,Jaap3,Inshore,465,Ofav,20,9,50,0,1,Healthy,Normal,Dislodged,Dislodged,Y,NA,NA,Y
27-Oct-17,Y,Jaap3,Inshore,466,Ofav,18,9,50,0,1,Healthy,Normal,Dislodged,Dislodged,Y,NA,NA,Y
27-Oct-17,Y,Jaap3,Inshore,NA,Ssid,10,10,0,0,1,Healthy,Normal,None,Attached,N,NA,NA,Y
27-Oct-17,Y,Jaap3,Inshore,467,Ofav,120,100,70,0,1,Healthy,Normal,None,Attached,N,NA,NA,Y
27-Oct-17,Y,Jaap3,Inshore,468,Oculina,9,5,0,0,1,Healthy,Normal,None,Attached,N,NA,NA,Y
27-Oct-17,Y,Jaap3,Inshore,469,Past,12,7,0,0,1,Healthy,Normal,None,Attached,N,NA,NA,Y
27-Oct-17,Y,Jaap3,Inshore,470,Cnat,10,5,0,0,1,Healthy,Normal,None,Attached,N,NA,NA,Y
27-Oct-17,Y,Jaap3,Inshore,471,Past,22,7,0,0,1,Healthy,Normal,None,Attached,N,NA,NA,Y
27-Oct-17,Y,Jaap3,Inshore,472,Ofav,170,120,50,0,5,Healthy,Normal,None,Attached,N,NA,NA,Y
27-Oct-17,Y,Jaap3,Inshore,473,Oann,100,60,50,0,10,Healthy,Normal,None,Attached,N,NA,NA,Y
27-Oct-17,Y,Jaap3,Inshore,474,Ofav,30,45,50,0,1,Healthy,Normal,Dislodged,Dislodged,Y,NA,NA,Y
27-Oct-17,Y,Jaap3,Inshore,475,Ofav,20,10,0,0,1,Healthy,Normal,Dislodged,Dislodged,Y,NA,NA,Y
27-Oct-17,Y,Jaap3,Inshore,476,Oann,45,20,90,0,1,Healthy,Normal,Dislodged,Dislodged,Y,NA,NA,Y
27-Oct-17,Y,Jaap3,Inshore,477,Cnat,22,10,0,0,1,Healthy,Normal,None,Attached,N,NA,NA,Y